{"cameraMode":{"drawMode":0,"name":"Shaded","section":"Shading Mode"},"sceneLighting":false,"audioPlay":false,"sceneViewState":{"showFog":true,"showMaterialUpdate":true,"showSkybox":false,"showFlares":true,"showImageEffects":true,"showParticleSystems":true},"in2DMode":false,"pivot":{"x":70.3552017211914,"y":3.156956911087036,"z":3.342616319656372},"rotation":{"x":0.24866800010204316,"y":0.026147853583097459,"z":-0.006715936586260796,"w":0.9682146310806274},"size":5.7157673835754398,"orthographic":false}