{"cameraMode":{"drawMode":0,"name":"Shaded","section":"Shading Mode"},"sceneLighting":true,"audioPlay":false,"sceneViewState":{"showFog":true,"showMaterialUpdate":true,"showSkybox":true,"showFlares":true,"showImageEffects":true,"showParticleSystems":true},"in2DMode":false,"pivot":{"x":26.072975158691408,"y":0.03662300109863281,"z":17.06560707092285},"rotation":{"x":0.3564549684524536,"y":-0.10479174554347992,"z":0.04027086868882179,"w":0.9275468587875366},"size":44.34316635131836,"orthographic":false}