{"cameraMode":{"drawMode":0,"name":"Shaded","section":"Shading Mode"},"sceneLighting":true,"audioPlay":false,"sceneViewState":{"showFog":true,"showMaterialUpdate":true,"showSkybox":true,"showFlares":true,"showImageEffects":true,"showParticleSystems":true},"in2DMode":false,"pivot":{"x":8.93417739868164,"y":5.870326995849609,"z":26.59626007080078},"rotation":{"x":-0.18142502009868623,"y":-0.5875511169433594,"z":0.13726088404655457,"w":-0.7765844464302063},"size":6.338831901550293,"orthographic":false}