{"cameraMode":{"drawMode":0,"name":"Shaded","section":"Shading Mode"},"sceneLighting":true,"audioPlay":false,"sceneViewState":{"showFog":true,"showMaterialUpdate":true,"showSkybox":true,"showFlares":true,"showImageEffects":true,"showParticleSystems":true},"in2DMode":false,"pivot":{"x":11.819807052612305,"y":6.562708854675293,"z":64.98380279541016},"rotation":{"x":-0.048665400594472888,"y":0.09365759789943695,"z":-0.004593952558934689,"w":-0.994422197341919},"size":10.0,"orthographic":false}