{"cameraMode":{"drawMode":0,"name":"Shaded","section":"Shading Mode"},"sceneLighting":false,"audioPlay":false,"sceneViewState":{"showFog":true,"showMaterialUpdate":true,"showSkybox":false,"showFlares":true,"showImageEffects":true,"showParticleSystems":true},"in2DMode":false,"pivot":{"x":-1.4043024778366089,"y":2.1847140789031984,"z":0.0906209945678711},"rotation":{"x":-0.05097518116235733,"y":-0.010485836304724217,"z":-0.0005354812019504607,"w":0.9986478090286255},"size":5.819829940795898,"orthographic":true}