{"cameraMode":{"drawMode":0,"name":"Shaded","section":"Shading Mode"},"sceneLighting":false,"audioPlay":false,"sceneViewState":{"showFog":true,"showMaterialUpdate":true,"showSkybox":false,"showFlares":true,"showImageEffects":true,"showParticleSystems":true},"in2DMode":false,"pivot":{"x":0.3590373992919922,"y":0.5294227600097656,"z":-4.081480026245117},"rotation":{"x":0.27661266922950747,"y":0.7058848738670349,"z":-0.3583894371986389,"w":0.5447874665260315},"size":16.689485549926759,"orthographic":false}