{"cameraMode":{"drawMode":0,"name":"Shaded","section":"Shading Mode"},"sceneLighting":true,"audioPlay":false,"sceneViewState":{"showFog":true,"showMaterialUpdate":true,"showSkybox":true,"showFlares":true,"showImageEffects":true,"showParticleSystems":true},"in2DMode":false,"pivot":{"x":3.639617443084717,"y":1.5691962242126465,"z":8.670656204223633},"rotation":{"x":-0.17618368566036225,"y":-0.13478870689868928,"z":0.02436365932226181,"w":-0.9747934937477112},"size":15.763484001159668,"orthographic":false}