{"cameraMode":{"drawMode":0,"name":"Shaded","section":"Shading Mode"},"sceneLighting":false,"audioPlay":false,"sceneViewState":{"showFog":true,"showMaterialUpdate":true,"showSkybox":false,"showFlares":true,"showImageEffects":true,"showParticleSystems":true},"in2DMode":false,"pivot":{"x":-3.8743019104003908e-7,"y":1.3099998235702515,"z":0.28000134229660036},"rotation":{"x":0.21563932299613954,"y":0.6356953978538513,"z":-0.1914331167936325,"w":0.7160854339599609},"size":2.0183334350585939,"orthographic":false}