{"cameraMode":{"drawMode":0,"name":"Shaded","section":"Shading Mode"},"sceneLighting":false,"audioPlay":false,"sceneViewState":{"showFog":true,"showMaterialUpdate":true,"showSkybox":false,"showFlares":true,"showImageEffects":true,"showParticleSystems":true},"in2DMode":false,"pivot":{"x":-1.5963952541351319,"y":0.742472767829895,"z":0.3994894027709961},"rotation":{"x":-0.07330676168203354,"y":0.058899566531181338,"z":-0.004335166420787573,"w":-0.9955706596374512},"size":7.126286029815674,"orthographic":false}