{"cameraMode":{"drawMode":0,"name":"Shaded","section":"Shading Mode"},"sceneLighting":false,"audioPlay":false,"sceneViewState":{"showFog":true,"showMaterialUpdate":true,"showSkybox":false,"showFlares":true,"showImageEffects":true,"showParticleSystems":true},"in2DMode":false,"pivot":{"x":69.6976318359375,"y":3.066255807876587,"z":5.692150115966797},"rotation":{"x":0.23310242593288423,"y":-0.6249165534973145,"z":0.20321248471736909,"w":0.7168329358100891},"size":5.7157673835754398,"orthographic":false}