{"cameraMode":{"drawMode":0,"name":"Shaded","section":"Shading Mode"},"sceneLighting":false,"audioPlay":false,"sceneViewState":{"showFog":true,"showMaterialUpdate":true,"showSkybox":false,"showFlares":true,"showImageEffects":true,"showParticleSystems":true},"in2DMode":false,"pivot":{"x":10.869999885559082,"y":7.19859504699707,"z":26.163877487182618},"rotation":{"x":-0.000009957037946151104,"y":-0.9998648166656494,"z":0.016499273478984834,"w":-0.0006017907289788127},"size":0.5715780258178711,"orthographic":true}