{"cameraMode":{"drawMode":0,"name":"Shaded","section":"Shading Mode"},"sceneLighting":false,"audioPlay":false,"sceneViewState":{"showFog":true,"showMaterialUpdate":true,"showSkybox":false,"showFlares":true,"showImageEffects":true,"showParticleSystems":true},"in2DMode":false,"pivot":{"x":4.47314977645874,"y":-31.819190979003908,"z":-87.28959655761719},"rotation":{"x":-0.00028626021230593324,"y":0.971709668636322,"z":-0.23624944686889649,"w":-0.0011679508024826646},"size":210.01071166992188,"orthographic":false}