{"cameraMode":{"drawMode":0,"name":"Shaded","section":"Shading Mode"},"sceneLighting":true,"audioPlay":false,"sceneViewState":{"showFog":true,"showMaterialUpdate":true,"showSkybox":true,"showFlares":true,"showImageEffects":true,"showParticleSystems":true},"in2DMode":false,"pivot":{"x":20.588472366333009,"y":26.21002769470215,"z":26.85481071472168},"rotation":{"x":0.24976886808872224,"y":-0.6920159459114075,"z":0.2803378403186798,"w":0.6165558099746704},"size":6.338831424713135,"orthographic":false}