{"cameraMode":{"drawMode":0,"name":"Shaded","section":"Shading Mode"},"sceneLighting":true,"audioPlay":false,"sceneViewState":{"showFog":true,"showMaterialUpdate":true,"showSkybox":true,"showFlares":true,"showImageEffects":true,"showParticleSystems":true},"in2DMode":false,"pivot":{"x":4.564461708068848,"y":17.564266204833986,"z":3.410038948059082},"rotation":{"x":-0.10382166504859925,"y":0.22531740367412568,"z":-0.024223921820521356,"w":-0.9684702157974243},"size":22.0,"orthographic":false}