{"cameraMode":{"drawMode":0,"name":"Shaded","section":"Shading Mode"},"sceneLighting":true,"audioPlay":false,"sceneViewState":{"showFog":true,"showMaterialUpdate":true,"showSkybox":true,"showFlares":true,"showImageEffects":true,"showParticleSystems":true},"in2DMode":false,"pivot":{"x":62.32255172729492,"y":20.752424240112306,"z":-95.1537094116211},"rotation":{"x":0.00718504237011075,"y":-0.03689732775092125,"z":-0.0002910078619606793,"w":-0.9993218183517456},"size":32.906497955322269,"orthographic":false}