{"cameraMode":{"drawMode":0,"name":"Shaded","section":"Shading Mode"},"sceneLighting":false,"audioPlay":false,"sceneViewState":{"showFog":true,"showMaterialUpdate":true,"showSkybox":false,"showFlares":true,"showImageEffects":true,"showParticleSystems":true},"in2DMode":false,"pivot":{"x":-1.832401156425476,"y":1.339580774307251,"z":1.0947438478469849},"rotation":{"x":0.11103080958127976,"y":0.8878155946731567,"z":-0.29077211022377016,"w":0.3390495479106903},"size":2.018730878829956,"orthographic":false}