{"cameraMode":{"drawMode":0,"name":"Shaded","section":"Shading Mode"},"sceneLighting":true,"audioPlay":false,"sceneViewState":{"showFog":true,"showMaterialUpdate":true,"showSkybox":true,"showFlares":true,"showImageEffects":true,"showParticleSystems":true},"in2DMode":false,"pivot":{"x":9.58978271484375,"y":7.19859504699707,"z":26.163877487182618},"rotation":{"x":0.2739478647708893,"y":-0.7231739163398743,"z":0.4087977409362793,"w":0.4846225678920746},"size":6.338831424713135,"orthographic":false}