{"cameraMode":{"drawMode":0,"name":"Shaded","section":"Shading Mode"},"sceneLighting":false,"audioPlay":false,"sceneViewState":{"showFog":true,"showMaterialUpdate":true,"showSkybox":false,"showFlares":true,"showImageEffects":true,"showParticleSystems":true},"in2DMode":false,"pivot":{"x":-35.69028854370117,"y":-30.136093139648439,"z":-83.6976318359375},"rotation":{"x":-0.025272982195019723,"y":0.9669690728187561,"z":-0.23049306869506837,"w":-0.10601671785116196},"size":210.01071166992188,"orthographic":false}