{"cameraMode":{"drawMode":0,"name":"Shaded","section":"Shading Mode"},"sceneLighting":false,"audioPlay":false,"sceneViewState":{"showFog":true,"showMaterialUpdate":true,"showSkybox":false,"showFlares":true,"showImageEffects":true,"showParticleSystems":true},"in2DMode":false,"pivot":{"x":-1.4043024778366089,"y":2.1847140789031984,"z":0.0906209945678711},"rotation":{"x":0.20546159148216248,"y":-0.024953238666057588,"z":0.005241042003035545,"w":0.9783512949943543},"size":8.57897663116455,"orthographic":true}