{"cameraMode":{"drawMode":0,"name":"Shaded","section":"Shading Mode"},"sceneLighting":false,"audioPlay":false,"sceneViewState":{"showFog":true,"showMaterialUpdate":true,"showSkybox":false,"showFlares":true,"showImageEffects":true,"showParticleSystems":true},"in2DMode":false,"pivot":{"x":1.7607154846191407,"y":-2.598081111907959,"z":-2.6090688705444338},"rotation":{"x":0.0069021438248455528,"y":0.9458474516868591,"z":-0.32397666573524477,"w":0.020146742463111879},"size":9.337654113769532,"orthographic":false}