{"cameraMode":{"drawMode":0,"name":"Shaded","section":"Shading Mode"},"sceneLighting":false,"audioPlay":false,"sceneViewState":{"showFog":true,"showMaterialUpdate":true,"showSkybox":false,"showFlares":true,"showImageEffects":true,"showParticleSystems":true},"in2DMode":false,"pivot":{"x":1.2795205116271973,"y":0.7621073126792908,"z":0.1649988293647766},"rotation":{"x":0.01197513472288847,"y":0.746559202671051,"z":-0.013438571244478226,"w":0.6651507019996643},"size":7.126286029815674,"orthographic":true}