{"cameraMode":{"drawMode":0,"name":"Shaded","section":"Shading Mode"},"sceneLighting":true,"audioPlay":false,"sceneViewState":{"showFog":true,"showMaterialUpdate":true,"showSkybox":true,"showFlares":true,"showImageEffects":true,"showParticleSystems":true},"in2DMode":false,"pivot":{"x":28.2141056060791,"y":2.1201136112213136,"z":19.870847702026368},"rotation":{"x":-0.09950817376375199,"y":-0.7816045880317688,"z":0.1292008012533188,"w":-0.6021053194999695},"size":2.8578836917877199,"orthographic":false}