{"cameraMode":{"drawMode":0,"name":"Shaded","section":"Shading Mode"},"sceneLighting":true,"audioPlay":false,"sceneViewState":{"showFog":true,"showMaterialUpdate":true,"showSkybox":true,"showFlares":true,"showImageEffects":true,"showParticleSystems":true},"in2DMode":false,"pivot":{"x":33.14949035644531,"y":-87.58221435546875,"z":67.38920593261719},"rotation":{"x":-0.49473294615745547,"y":-0.005491156131029129,"z":0.003043896984308958,"w":-0.8691035509109497},"size":215.359130859375,"orthographic":false}