{"cameraMode":{"drawMode":0,"name":"Shaded","section":"Shading Mode"},"sceneLighting":true,"audioPlay":false,"sceneViewState":{"showFog":true,"showMaterialUpdate":true,"showSkybox":true,"showFlares":true,"showImageEffects":true,"showParticleSystems":true},"in2DMode":false,"pivot":{"x":24.17982292175293,"y":7.971522808074951,"z":51.41411590576172},"rotation":{"x":-0.21580034494400025,"y":-0.32865697145462038,"z":0.0773918479681015,"w":-0.9162302017211914},"size":32.906497955322269,"orthographic":false}