{"cameraMode":{"drawMode":0,"name":"Shaded","section":"Shading Mode"},"sceneLighting":false,"audioPlay":false,"sceneViewState":{"showFog":true,"showMaterialUpdate":true,"showSkybox":false,"showFlares":true,"showImageEffects":true,"showParticleSystems":true},"in2DMode":false,"pivot":{"x":15.827880859375,"y":10.984122276306153,"z":13.369357109069825},"rotation":{"x":0.20229029655456544,"y":-0.3041180372238159,"z":0.0662546455860138,"w":0.9285704493522644},"size":0.00005715767838410102,"orthographic":false}