{"cameraMode":{"drawMode":0,"name":"Shaded","section":"Shading Mode"},"sceneLighting":false,"audioPlay":false,"sceneViewState":{"showFog":true,"showMaterialUpdate":true,"showSkybox":false,"showFlares":true,"showImageEffects":true,"showParticleSystems":true},"in2DMode":false,"pivot":{"x":69.1356430053711,"y":1.9510343074798585,"z":4.719407558441162},"rotation":{"x":0.17538079619407655,"y":-0.033957500010728839,"z":0.006053710822016001,"w":0.9839004278182983},"size":8.600852966308594,"orthographic":false}