{"cameraMode":{"drawMode":0,"name":"Shaded","section":"Shading Mode"},"sceneLighting":false,"audioPlay":false,"sceneViewState":{"showFog":true,"showMaterialUpdate":true,"showSkybox":false,"showFlares":true,"showImageEffects":true,"showParticleSystems":true},"in2DMode":false,"pivot":{"x":-1.4043024778366089,"y":2.1847140789031984,"z":0.0906209945678711},"rotation":{"x":0.013466297648847103,"y":0.07043606042861939,"z":-0.0009500193409621716,"w":0.9974421262741089},"size":8.57897663116455,"orthographic":true}