{"cameraMode":{"drawMode":0,"name":"Shaded","section":"Shading Mode"},"sceneLighting":true,"audioPlay":false,"sceneViewState":{"showFog":true,"showMaterialUpdate":true,"showSkybox":true,"showFlares":true,"showImageEffects":true,"showParticleSystems":true},"in2DMode":false,"pivot":{"x":67.97407531738281,"y":-89.81048583984375,"z":608.1571044921875},"rotation":{"x":-0.09757440537214279,"y":-0.04120122641324997,"z":0.00400496693328023,"w":-0.9943972826004028},"size":726.9600830078125,"orthographic":false}