{"cameraMode":{"drawMode":0,"name":"Shaded","section":"Shading Mode"},"sceneLighting":false,"audioPlay":false,"sceneViewState":{"showFog":true,"showMaterialUpdate":true,"showSkybox":false,"showFlares":true,"showImageEffects":true,"showParticleSystems":true},"in2DMode":false,"pivot":{"x":0.31934356689453127,"y":13.846160888671875,"z":-7.5760040283203129},"rotation":{"x":-0.011531875468790532,"y":0.9725447297096252,"z":-0.2272019237279892,"w":-0.04935217276215553},"size":210.01071166992188,"orthographic":false}