{"cameraMode":{"drawMode":0,"name":"Shaded","section":"Shading Mode"},"sceneLighting":false,"audioPlay":false,"sceneViewState":{"showFog":true,"showMaterialUpdate":true,"showSkybox":false,"showFlares":true,"showImageEffects":true,"showParticleSystems":true},"in2DMode":false,"pivot":{"x":70.19999694824219,"y":2.450000047683716,"z":4.590000152587891},"rotation":{"x":0.24976886808872224,"y":-0.6920159459114075,"z":0.2803378403186798,"w":0.6165558099746704},"size":5.7157673835754398,"orthographic":false}