{"cameraMode":{"drawMode":0,"name":"Shaded","section":"Shading Mode"},"sceneLighting":false,"audioPlay":false,"sceneViewState":{"showFog":true,"showMaterialUpdate":true,"showSkybox":false,"showFlares":true,"showImageEffects":true,"showParticleSystems":true},"in2DMode":false,"pivot":{"x":-0.8470858335494995,"y":1.3397220373153687,"z":0.0},"rotation":{"x":0.011999892070889473,"y":-0.002999504329636693,"z":0.00003577212191885337,"w":0.999930202960968},"size":6.338831424713135,"orthographic":true}